224	224	.skyequanta/audit-chain-head.json
306511	86309	.skyequanta/audit-chain.ndjson
260031	76522	.skyequanta/audit-log.json
227	227	.skyequanta/governance-policy.json
541	669	.skyequanta/remote-executor/executor-state.json
24926	27531	.skyequanta/remote-executor/workspace-runtimes.json
181864	26428	.skyequanta/runtime-bus/events.ndjson
2663	2700	.skyequanta/runtime-bus/workspaces/local-default.json
10232	5594	.skyequanta/runtime-bus/workspaces/preview-stage8.json
3021	3067	.skyequanta/runtime-bus/workspaces/remote-default.json
495	591	.skyequanta/runtime-dependency-repair.json
152568	15644	.skyequanta/runtime-recovery/journal.ndjson
266	283	.skyequanta/workspace-runtime/local-default/ide.log
17409	18580	.skyequanta/workspace-runtime/local-default/state.json
365	382	.skyequanta/workspace-runtime/preview-stage8/ide.log
8472	3346	.skyequanta/workspace-runtime/preview-stage8/logs/activity.ndjson
204	221	.skyequanta/workspace-runtime/preview-stage8/logs/log-retention.json
18463	19772	.skyequanta/workspace-runtime/preview-stage8/state.json
320	3372	.skyequanta/workspace-runtime/remote-default/logs/activity.ndjson
204	221	.skyequanta/workspace-runtime/remote-default/logs/log-retention.json
3492	369	.skyequanta/workspace-scheduler-state.json
11261	6968	.skyequanta/workspaces.json
4423	3588	apps/skyequanta-shell/bin/current-chain-rerun.mjs
15902	15883	apps/skyequanta-shell/bin/doctor.mjs
27190	25799	apps/skyequanta-shell/bin/remote-executor.mjs
15276	14586	apps/skyequanta-shell/bin/workspace-proof-stage10.mjs
8796	7578	apps/skyequanta-shell/bin/workspace-proof-stage11.mjs
7825	7130	apps/skyequanta-shell/bin/workspace-proof-stage4.mjs
14940	14392	apps/skyequanta-shell/bin/workspace-proof-stage8.mjs
9749	9058	apps/skyequanta-shell/bin/workspace-proof-stage9.mjs
15988	11619	apps/skyequanta-shell/bin/workspace-smoke-lifecycle.mjs
20747	20682	apps/skyequanta-shell/lib/deployment-packaging.mjs
15357	15318	apps/skyequanta-shell/lib/runtime-containment.mjs
15775	15775	apps/skyequanta-shell/lib/runtime-sandbox.mjs
55849	51446	apps/skyequanta-shell/lib/workspace-runtime.mjs
11341	11288	apps/skyequanta-shell/package.json
11760	11808	apps/skyequanta-shell/python/__pycache__/skyequanta_app_server.cpython-313.pyc
4212	4260	apps/skyequanta-shell/python/__pycache__/skyequanta_runtime_bootstrap.cpython-313.pyc
1600786	1506209	dist/production-release/SANITIZED_RELEASE_MANIFEST.json
25799	25593	dist/production-release/skyequantacore-current-truth/apps/skyequanta-shell/bin/remote-executor.mjs
15021	14354	dist/production-release/skyequantacore-current-truth/apps/skyequanta-shell/bin/workspace-proof-stage10.mjs
8796	7578	dist/production-release/skyequantacore-current-truth/apps/skyequanta-shell/bin/workspace-proof-stage11.mjs
7825	7022	dist/production-release/skyequantacore-current-truth/apps/skyequanta-shell/bin/workspace-proof-stage4.mjs
14392	14180	dist/production-release/skyequantacore-current-truth/apps/skyequanta-shell/bin/workspace-proof-stage8.mjs
9749	8780	dist/production-release/skyequantacore-current-truth/apps/skyequanta-shell/bin/workspace-proof-stage9.mjs
15988	6747	dist/production-release/skyequantacore-current-truth/apps/skyequanta-shell/bin/workspace-smoke-lifecycle.mjs
9407	6920	dist/production-release/skyequantacore-current-truth/apps/skyequanta-shell/lib/apparmor-policy.mjs
20747	21006	dist/production-release/skyequantacore-current-truth/apps/skyequanta-shell/lib/deployment-packaging.mjs
15357	15318	dist/production-release/skyequantacore-current-truth/apps/skyequanta-shell/lib/runtime-containment.mjs
15775	15155	dist/production-release/skyequantacore-current-truth/apps/skyequanta-shell/lib/runtime-sandbox.mjs
53797	51458	dist/production-release/skyequantacore-current-truth/apps/skyequanta-shell/lib/workspace-runtime.mjs
11288	6549	dist/production-release/skyequantacore-current-truth/apps/skyequanta-shell/package.json
6784	6942	dist/production-release/skyequantacore-current-truth/docs/ARCHITECTURE_OVERVIEW.html
1239	3817	dist/production-release/skyequantacore-current-truth/docs/CURRENT_TRUTH_INDEX.md
1540	750	dist/production-release/skyequantacore-current-truth/docs/LAUNCH_READINESS.md
1001	2834	dist/production-release/skyequantacore-current-truth/docs/PROCUREMENT_PACKET_INDEX.md
1077	971	dist/production-release/skyequantacore-current-truth/docs/VERSION_STAMP.json
6144	10628	dist/production-release/skyequantacore-current-truth/platform/ide-core/packages/markers/src/browser/marker-tree-label-provider.spec.ts
6784	6942	docs/ARCHITECTURE_OVERVIEW.html
5225	5335	docs/BOARD_INVESTOR_ONE_PAGER.html
5830	5831	docs/CATEGORY_OF_ONE_INVESTOR_BRIEF.html
12996	13209	docs/CURRENT_TRUTH_INDEX.md
1059	1191	docs/LAUNCH_READINESS.md
10299	8858	docs/NEXT_LEVEL_PROGRESS.md
932	3459	docs/PROCUREMENT_PACKET_INDEX.md
7550	7712	docs/PROOF_CENTER.html
1380	1564	docs/SMOKE_CONTRACT_MATRIX.md
13424	14438	docs/SkyeQuantaCore_Next_Level_Build_Directive.md
972	1525	docs/VERSION_STAMP.json
4372	4602	docs/hardening/CATEGORY_OF_ONE_CARRY_FORWARD_OPEN_BOARD.md
1208	1582	docs/hardening/SECTION_61_PLATFORM_LAUNCHPAD_AND_IMPORT_MESH_DIRECTIVE.md
778	1274	docs/hardening/SECTION_62_PLATFORM_POWER_MESH_DIRECTIVE.md
7207	7305	docs/proof/CURRENT_CHAIN_REFRESH_PLAN.json
4818	6460	docs/proof/SECTION_10_INVESTOR_PACKET.json
60858	71762	docs/proof/STAGE_1_TRUTH_AND_PROOF.json
29813	29918	docs/proof/STAGE_2B_UPSTREAM_PARITY.json
2351	2430	docs/proof/STAGE_2_DEPENDENCY_LANES.json
45921	47502	docs/proof/STAGE_2_REAL_LOCAL_EXECUTOR.json
50673	53807	docs/proof/STAGE_3_REPO_PROVISIONING.json
52022	55019	docs/proof/STAGE_4_REMOTE_EXECUTOR.json
1923584	1923993	docs/proof/STAGE_8_PREVIEW_FORWARDING.json
10403	858	package.json
44027	44057	platform/user-platforms/skye-account-executive-commandhub-s0l26-0s/skyehands.platform.json
23514	23514	platform/user-platforms/skye-account-executive-commandhub-s0l26-0s/source/AE-Central-Command-Pack-CredentialHub-Launcher/Branching Apps/AE-Brain-Command-Site-v8-Additive/docs/SMOKE_PROOF.md
5326	5328	public/pricing-spec.html
2228	1895	skyequanta.mjs
438	438	workspace/prebuilds/local-default/prebuild-manifest.json
416	416	workspace/prebuilds/preview-stage8/prebuild-manifest.json
422	422	workspace/prebuilds/remote-default/prebuild-manifest.json
327	327	workspace/volumes/local-default/config/lifecycle-policy.json
301	318	workspace/volumes/local-default/config/secret-bundle.json
305	305	workspace/volumes/preview-stage8/config/lifecycle-policy.json
280	297	workspace/volumes/preview-stage8/config/secret-bundle.json
311	311	workspace/volumes/remote-default/config/lifecycle-policy.json
286	303	workspace/volumes/remote-default/config/secret-bundle.json
44	44	workspace/volumes/remote-default/fs/notes/stage4-remote.txt
